ID,Factor_1,Factor_2,Classification
1,1.899459107,2.819400345,C
2,2.536863611,3.499597704,C
3,2.93542295,0.77941501,B
4,2.842801457,0.875989091,B
5,2.743730866,2.892695363,C
6,2.283710308,3.628806059,C
7,0.478201605,1.036840276,A
8,2.341318281,3.390214689,C
9,0.733578888,0.846910022,A
10,2.924143377,1.427214951,B
11,2.972463476,0.993574102,B
12,1.990288161,2.060153812,C
13,1.978994273,2.593780474,C
14,1.989549779,3.053410911,C
15,1.604408932,0.593475839,A
16,2.933871241,1.065935621,B
17,3.342750847,1.020376552,B
18,2.880995837,0.138442175,B
19,2.021211772,2.954473495,C
20,2.260149861,1.080661061,B
21,1.583039517,3.32270064,C
22,2.391309998,2.580218592,C
23,3.167905814,1.916170099,B
24,2.584210565,1.682263924,NA
25,0.649307511,1.547191806,A
26,1.126808573,2.661726268,C
27,0.655579093,0.856400501,A
28,1.198223862,1.05633048,A
29,1.409806607,1.829715719,A
30,0.761578053,0.660538719,A
31,2.863675046,2.65760511,C
32,0.974508054,0.99064387,A
33,1.307988952,0.526706077,A
34,3.386986884,1.344164377,B
35,3.079037718,0.692875906,B
36,1.771767047,2.776138589,C
37,1.269781587,1.390075543,A
38,0.978144958,1.030992347,A
39,1.692483479,2.475474338,NA
40,0.575893484,1.396609823,A
41,2.885768931,0.878246015,B
42,3.433685565,0.836864215,B
43,1.032905719,0.39141735,A
44,1.1071539,0.997839782,A
45,1.054011354,1.332572603,A
46,1.345246519,1.714144546,A
47,2.299115758,2.975104374,C
48,3.001737077,1.565707388,B
49,1.332901753,1.307191536,A
50,2.051958146,2.691972561,C
51,1.775322821,3.423112372,C
52,3.710038755,1.616544379,B
53,1.024341255,0.505986749,A
54,2.705811845,1.017360696,B
55,2.904554522,0.961232316,B
56,1.27316899,2.32226678,C
57,0.084014808,1.081251048,A
58,3.272480134,0.612058023,B
59,2.078879837,3.075394856,C
60,1.112189596,1.622480243,A
61,0.244238357,1.432774335,A
62,1.931862387,3.024353395,C
63,1.289084923,0.949566583,A
64,1.353742944,0.726957437,A
65,2.593725647,1.584748484,B
66,3.629783255,0.75605914,B
67,1.713541186,0.887385572,A
68,1.763894744,3.011941846,C
69,2.115163662,2.945079823,C
70,1.073342727,1.666370419,A
71,3.58366152,0.834292634,B
72,2.541580434,1.257126761,B
73,1.568970263,2.508218131,C
74,2.300268477,3.538388765,C
75,2.875442168,3.032183073,C
76,2.093931035,2.718483845,C
77,1.389840355,2.876205917,C
78,2.152995238,2.512492481,C
79,2.85970646,0.915340052,B
80,1.002613979,0.939927476,A
81,0.87577833,0.896700069,A
82,1.311889559,0.951059398,A
83,3.143224983,1.930175219,B
84,1.131085567,0.644264414,A
85,1.000940776,1.288146948,A
86,1.027076806,0.590383403,A
87,2.086863161,3.161895023,C
88,1.703763573,2.596118818,C
89,1.088674078,0.773304755,A
90,1.430631447,0.773375685,A
91,1.029427075,3.038723805,C
92,0.810281375,0.948346098,A
93,2.116190877,3.200398871,C
94,0.741419202,0.814087617,A
95,0.692216603,0.452526633,A
96,3.565538449,1.133676221,B
97,1.60518865,2.717470251,C
98,2.492552076,2.442328839,C
99,2.600443829,0.538344527,B
100,3.452034595,1.534942973,B
101,0.831839662,1.05268779,A
102,0.759760089,0.710596623,A
103,3.031830258,0.967754648,B
104,1.12469303,1.73389758,A
105,3.581331128,1.075426905,B
106,2.732188941,3.609481719,C
107,3.160054324,0.838961721,B
108,2.026261,2.995267807,C
109,0.955380831,0.861151182,A
110,3.236398342,0.869681938,B
111,2.514308948,2.499844058,C
112,0.397976423,0.79393695,A
113,0.274494827,0.942684001,A
114,1.658956198,1.258303309,A
115,1.779611941,2.406630983,C
116,2.348324146,1.723164647,B
117,3.053926174,1.778837263,B
118,0.858294813,1.217517642,A
119,3.089609295,1.680023966,B
120,2.618904012,1.672271141,B
121,1.867929631,2.527270793,C
122,1.275118745,3.314665316,C
123,2.661769678,1.616511484,B
124,0.997357498,0.984712061,A
125,0.769468434,1.14457127,A
126,1.134672799,1.639958877,A
127,1.909827801,0.633800832,A
128,1.168344808,1.17051483,NA
129,2.07209515,2.92936204,C
130,0.754862222,0.960849541,A
131,3.104101523,1.216916216,B
132,3.208797674,0.910789354,B
133,1.606278444,2.481030334,C
134,3.01074373,0.996973981,B
135,2.638318332,0.958343508,B
136,1.570052278,0.923108231,A
137,1.798088497,2.936227797,C
138,2.729845296,1.111727417,B
139,1.029847928,1.224583092,A
140,2.001420304,2.823666295,C
141,2.451828676,2.151413454,C
142,2.099448204,1.016318637,B
143,0.551939175,0.929722816,A
144,1.133322158,3.368849665,C
145,2.848562522,0.467938654,B
146,1.536378141,1.018438867,A
147,1.222696738,1.096457978,A
148,1.642608375,3.130505239,C
149,3.505304539,0.986123872,B
150,2.758855042,1.277156174,B
151,2.790899741,0.953242134,B
152,2.097628173,2.873969782,C
153,2.511715787,2.884486179,C
154,2.085769037,3.377224326,C
155,2.053366995,3.093343532,C
156,1.907247184,3.985165354,C
157,2.648757019,2.454088599,C
158,2.563224176,0.764928317,B
159,2.854216294,0.916196695,B
160,0.830094558,1.029826166,A
161,1.349223528,1.201756073,A
162,3.044626389,1.186282135,B
163,2.963665137,1.022687484,B
164,2.362412981,3.489960135,C
165,3.825516477,0.695223322,B
166,1.936525131,2.929628433,C
167,3.02317535,0.98258576,B
168,3.362923116,1.236708892,B
169,0.453237098,0.477024995,A
170,1.956834332,0.894475659,A
171,1.383989726,2.839730936,C
172,1.812863102,2.52971272,C
173,1.196516765,1.183224909,NA
174,0.53507455,1.816817876,A
175,2.483493128,2.314049871,C
176,2.487576763,3.088356275,C
177,2.258719088,2.925239463,C
178,1.784076473,0.670363314,A
179,3.194216826,0.193974544,B
180,2.394645592,0.888121815,B
181,0.60400128,1.352000729,A
182,3.418580788,0.319118448,B
183,1.800411753,0.502787136,A
184,0.378350521,1.059066249,A
185,2.193798407,2.893247207,C
186,3.522188864,1.209754033,B
187,1.209460557,1.026099131,A
188,1.80748591,2.942962615,C
189,2.145036818,3.033774869,C
190,2.904869998,1.070863438,B
191,0.906275485,0.959847418,A
192,2.251299676,1.25846086,B
193,1.484461811,3.224959706,C
194,2.997079041,1.681216293,B
195,0.723731867,0.69275506,A
196,3.138013815,0.909230472,B
197,3.653754891,0.66289733,B
198,0.927926558,0.859498137,A
199,0.717818029,1.307253161,A
200,1.528901576,0.449576687,A
201,2.706799496,0.233911708,B
202,2.632874682,2.869524441,C
203,3.469766727,0.316376102,B
204,2.316418752,2.369182224,C
205,0.499699734,0.91959749,A
206,2.035281157,1.218288937,B
207,1.156553736,0.797758101,A
208,2.943791599,1.133710296,B
209,0.692141768,0.449729059,A
210,0.727264343,1.867772523,A
211,2.941171593,0.929233825,B
212,1.311913621,2.997717174,C
213,3.825294666,0.977867378,B
214,1.511720478,1.761244071,A
215,3.059307356,0.809668489,B
216,1.308992457,3.188020517,C
217,2.308686581,2.221912867,C
218,2.34634956,2.68601939,C
219,1.022149794,0.596569832,A
220,3.241349342,1.293400238,B
221,2.996456687,0.819956617,B
222,1.088599394,1.346197539,A
223,0.386550435,1.263815757,A
224,1.286398363,2.03688982,NA
225,0.28486247,0.831898052,A
226,2.47873961,3.156912982,C
227,0.994329081,1.355092301,A
228,1.870343646,2.392928368,C
229,0.71154474,0.920489011,A
230,1.005930791,0.829915132,A
231,0.999902039,0.995795003,A
232,0.862276128,1.160731218,A
233,0.532927499,0.881488191,A
234,2.007088041,2.12796332,C
235,2.47085353,2.427517077,C
236,2.967630819,1.092765746,B
237,0.710160907,0.705995623,A
238,0.640296216,0.838565959,A
239,1.523011871,3.471946681,C
240,1.641093141,0.779422576,A
241,3.297923854,1.009571802,B
242,2.127421639,2.053689739,C
243,2.168098059,3.0051747,C
244,3.88923589,0.556031495,B
245,0.687065971,0.293495608,A
246,2.310637861,3.844308618,C
247,1.155412478,2.722319685,C
248,1.346929688,1.131219806,A
249,2.90700334,1.102913616,B
250,2.613600973,1.426366314,B
251,2.485192442,2.426889217,C
252,1.819837761,0.59191947,A
253,0.458820456,0.492059164,A
254,1.101363035,1.022478989,A
255,0.91612048,0.661445477,A
256,0.937077301,1.074868791,A
257,0.736803553,0.945441349,A
258,3.060602948,1.052473914,B
259,1.855071297,3.056667053,C
260,1.326778992,0.851292173,A
261,0.866060236,0.510992906,A
262,1.323545083,0.978957875,A
263,1.387309662,1.232355123,A
264,1.238020611,0.24658962,A
265,3.341167385,0.610861962,B
266,3.059225052,0.994435737,B
267,2.244603091,2.543417145,C
268,1.150205701,1.234860102,A
269,0.29949246,1.266036293,A
270,1.647569983,1.398609537,A
271,0.324227491,1.008478114,A
272,1.837366186,0.467267461,A
273,2.044129017,1.223836252,NA
274,2.853299185,0.589154108,B
275,2.956822006,1.085099864,B
276,2.118724613,2.866433097,C
277,3.87196379,0.81970022,B
278,1.993376539,3.373204131,C
279,3.155875389,1.020723193,B
280,2.629167067,0.878270926,B
281,1.519331107,3.17489606,C
282,3.277835829,1.142088149,B
283,2.825011541,2.95107834,C
284,3.393023297,0.593745858,B
285,1.113170636,1.125787291,A
286,1.167212422,1.014743881,A
287,2.500106441,0.364058346,B
288,1.471377148,3.693421982,C
289,3.193687027,1.928945919,B
290,1.59056526,3.309218156,C
291,1.346271423,2.854707196,C
292,2.902113993,0.192226884,B
293,1.379121109,2.735041309,C
294,1.805534018,3.250782191,C
295,3.391798281,1.764198742,B
296,3.236834425,1.044514255,B
297,2.166425971,3.171015736,C
298,0.991539046,1.002867899,A
299,1.061465918,0.803744484,A
300,1.415754441,2.474802031,C
301,2.851173509,1.643977973,B
302,2.319732186,1.346785465,B
303,2.695826618,0.749169712,B
304,2.476202552,2.584744651,C
305,2.790661828,0.914318804,B
306,2.560196658,0.830347049,B
307,3.88522923,0.653055171,B
308,1.122103699,0.57558932,A
309,1.367094463,0.765741865,A
310,0.863523701,1.048498646,A
311,0.949867892,0.949842389,A
312,0.941903592,0.384980418,A
313,2.461922876,0.589518262,B
314,3.673449646,1.588657438,B
315,1.177969499,1.253694274,A
316,3.625608027,1.710281694,B
317,1.426718242,0.75294598,A
318,2.656895089,3.167106862,C
319,2.013290763,3.021668155,C
320,1.463948277,3.254393132,C
321,2.90339969,0.832683016,B
322,2.459457513,2.971581374,C
323,2.169490632,2.112238383,C
324,1.009900478,0.902303581,A
325,1.647595853,0.796306081,A
326,2.07579238,3.083954969,C
327,2.124855681,3.2024235,C
328,2.25109378,3.161344103,C
329,1.38332616,0.883560642,A
330,1.798820639,2.98565222,C
331,2.043861333,2.968462737,C
332,1.992487336,3.544650219,C
333,3.226108997,0.816125223,B
334,1.379646011,2.685238283,C
335,2.966899156,1.085021536,B
336,2.41924838,0.613810043,B
337,0.979368087,0.898306401,A
338,1.599741589,0.948927939,A
339,2.726375522,1.38325341,B
340,3.89317056,0.586488622,B
341,3.868200931,0.768988383,B
342,2.944536631,1.389748877,B
343,1.806664329,3.387353679,C
344,2.619638547,1.174502443,B
345,3.299036156,1.267896843,B
346,1.610200159,0.776378992,A
347,2.500161859,1.68971204,B
348,1.821260784,0.671941516,A
349,0.48780804,1.591910514,A
350,0.922674712,1.588529585,A
351,1.995823381,3.009969593,C
352,2.59591345,1.44691207,B
353,2.036151104,2.99595154,C
354,0.930223244,0.948615546,A
355,0.950589771,0.986062702,A
356,3.447011963,1.834769429,B
357,3.45181153,1.009376112,B
358,2.825737581,1.343489418,B
359,0.670113213,0.547373039,A
360,3.082378984,0.003537795,B
361,1.54856994,1.399630127,A
362,2.843207884,0.053836637,B
363,1.765065273,2.800341089,C
364,2.218994649,2.811136165,C
365,2.103486947,2.95647889,C
366,1.90693474,3.122492756,C
367,2.422812045,1.779070763,B
368,3.019402205,0.973148513,B
369,1.949152665,3.009104245,C
370,3.368111803,1.130443157,B
371,3.284283694,1.870183253,B
372,3.440602855,1.058627415,B
373,0.857635732,1.188051811,A
374,1.47233835,0.915627801,A
375,1.763752698,3.357854621,C
376,2.930047455,1.059854308,B
377,2.063642586,2.063446348,C
378,3.28022287,1.391479551,B
379,0.927625405,1.077949474,A
380,3.658703083,0.780957821,B
381,3.538366703,0.28104429,B
382,2.83998029,1.135345608,B
383,2.464208802,0.375772281,B
384,1.176944848,1.092604527,A
385,2.9838849,1.072514705,B
386,0.126103535,0.596752987,A
387,2.482548924,2.263934365,C
388,2.663417082,0.516690789,B
389,1.65616477,0.536626731,A
390,2.574625685,2.573673969,C
391,3.444926065,1.077248253,B
392,2.97081397,0.96597599,B
393,2.032810581,2.997088428,C
394,1.819958734,2.894004787,C
395,1.921690298,1.261869231,A
396,2.519839123,3.289255624,C
397,2.733206044,0.491559512,B
398,2.129024285,2.980653068,C
399,3.052144482,0.797510175,B
400,1.304633042,1.836575546,A
401,1.80301667,2.93273517,C
402,0.921773165,0.979914077,A
403,3.056720964,0.652402135,B
404,3.156627503,1.480616175,B
405,2.325822573,2.632312921,C
406,2.434304855,1.639585266,B
407,1.312644098,3.031202745,C
408,3.227011335,0.775020112,B
409,1.028599195,0.931914478,A
410,2.898709584,1.319537488,B
411,0.464654167,0.171770419,A
412,1.552056086,1.259655335,A
413,1.547141978,2.299854146,C
414,2.875299293,0.963710902,B
415,3.082528808,0.103166721,B
416,1.858920966,3.131701494,C
417,2.243542864,2.199781565,C
418,1.699733431,2.905392999,C
419,3.077259976,1.333933246,B
420,3.151212604,1.375635272,B
421,2.232461875,2.959762096,C
422,0.82245074,1.005449391,A
423,2.165028253,3.310917362,C
424,0.174686033,0.449195835,A
425,1.428060834,0.207175451,A
426,0.605344571,1.000943167,A
427,3.478587892,0.489266392,B
428,3.047465157,1.046286439,B
429,3.873678283,0.722367699,B
430,1.475431166,2.566620149,C
431,0.702885055,1.215818881,A
432,1.384839854,2.495801813,C
433,2.93098336,0.991521753,B
434,2.304740585,3.354200423,C
435,0.574283191,0.256798041,A
436,2.23496097,0.416458202,B
437,2.830428575,2.755273315,C
438,0.424714446,0.547796064,A
439,1.921445411,3.017447775,C
440,0.975717231,1.002177393,A
441,2.71662624,0.60325705,B
442,1.825450648,2.470507991,C
443,2.94571918,2.519028993,NA
444,1.762906211,2.361815503,C
445,2.088161935,3.140327388,C
446,1.345976516,2.946639735,C
447,0.544522363,1.126874477,A
448,2.027752123,2.770978796,C
449,0.414146825,0.194283988,A
450,2.041105036,2.648020825,C
451,1.704213292,1.018272092,A
452,1.650915773,2.575494804,C
453,0.95995862,1.268081399,A
454,1.183632019,0.17065012,A
455,2.220541372,2.196779077,C
456,3.216420635,1.109852561,B
457,2.128721284,3.183397248,C
458,0.890718161,1.37204599,A
459,2.595953769,1.702063792,B
460,3.142010867,1.663732754,B
461,1.439553194,0.492930238,A
462,1.561574686,3.055613768,C
463,0.597222966,0.481395553,A
464,2.248175708,1.473863001,B
465,1.294430873,3.26409459,C
466,2.825157829,1.237743911,B
467,1.142974717,0.513676164,A
468,1.140601022,0.94843884,A
469,1.035258581,1.476129736,A
470,1.613247132,0.739165618,A
471,2.654290695,3.063938152,C
472,1.739509395,0.738284626,A
473,2.4414838,0.895777975,B
474,0.888888283,0.894980728,A
475,3.728807871,1.636247214,B
476,3.345143634,0.493899446,B
477,3.716841258,0.336948056,B
478,2.272701511,0.494152692,B
479,2.564063597,2.27921602,C
480,2.439698023,1.300153664,B
481,2.373722568,3.543358927,C
482,2.362521955,1.359314557,B
483,3.286967823,0.995026518,B
484,2.48862277,1.620137982,B
485,2.435254517,0.293686044,B
486,2.275666505,2.41468022,C
487,0.832630983,1.769387618,A
488,3.130212729,0.075010964,B
489,0.898885873,1.26134537,A
490,2.173786504,0.920090332,B
491,0.965648596,0.984760233,A
492,0.983378202,1.073210853,A
493,1.134420245,1.787901637,A
494,0.890514065,1.457407278,A
495,0.909149046,1.386654272,A
496,1.596099567,2.238367411,C
497,1.494922587,3.711769048,C
498,0.547589602,0.968517345,A
499,2.913631389,0.999773775,B
500,2.045494248,2.486207964,C
501,1.423473432,0.995225263,A
502,1.074465625,1.401402494,A
503,1.987269313,3.094579448,C
504,1.772687775,2.578389461,C
505,0.803455282,1.019434051,A
506,2.322543599,3.208110406,C
507,1.709882255,3.059501843,C
508,1.881402636,3.672187435,C
509,1.591670773,1.120721264,A
510,3.33746853,1.320126121,B
511,0.712748289,1.282804487,A
512,3.350082432,0.827201275,B
513,2.51272987,0.262087721,B
514,3.372150173,1.567951586,B
515,1.580418898,3.790477351,C
516,1.660841835,2.958404223,C
517,2.983201795,0.720226571,B
518,2.373012145,1.261379604,B
519,2.70884525,1.138805339,B
520,1.506135786,0.192054022,A
521,2.610983654,1.309335301,B
522,2.47495018,2.312289803,C
523,3.093605919,1.007373559,B
524,2.860290463,2.611154604,C
525,1.903027419,2.99667311,C
526,1.456330654,2.236958774,C
527,1.409474211,3.449808003,C
528,1.690323431,3.552795755,C
529,3.029552475,1.054092933,B
530,2.184192913,2.255110366,C
531,2.470742897,2.82304582,C
532,0.575376401,0.167866661,A
533,1.954582685,3.059885048,C
534,2.814415638,1.86734112,B
535,0.935957655,0.988329693,A
536,1.144705881,0.705619198,A
537,1.171377236,0.854984633,A
538,0.892461556,1.518071417,A
539,1.068869634,0.595898376,A
540,1.624407627,2.422183154,C
541,1.184312087,0.085882423,A
542,1.038020609,0.877777848,A
543,1.897975333,3.415281391,C
544,2.977614997,0.531953306,B
545,1.454385069,3.159883845,C
546,1.850255735,3.232101596,C
547,1.373522163,1.232269164,A
548,3.646993643,0.951604629,B
549,0.432223035,1.756806739,A
550,1.450848658,0.928696818,A
551,3.195318408,0.164713762,B
552,3.221224696,1.13401963,B
553,3.660176021,1.280124676,B
554,3.110548666,0.995994537,B
555,2.216010298,2.768558762,C
556,2.959898902,0.131285494,B
557,3.035803549,1.062758709,B
558,1.939670523,3.350231271,C
559,2.492624967,3.424448405,C
560,2.375970567,1.511817806,B
561,2.132014458,2.908484664,C
562,1.505703211,2.452620667,C
563,0.454816268,0.871555322,A
564,3.013700751,0.370815798,B
565,0.727298714,0.873463959,A
566,1.022533932,1.755014677,A
567,2.260995945,2.990119899,C
568,1.130848071,1.770970859,A
569,1.829886052,2.982455983,C
570,1.371418576,2.828740969,C
571,0.926956202,1.203129659,A
572,3.188546894,1.805755659,B
573,2.514438685,1.534273399,B
574,2.487471081,0.229004124,B
575,1.043509966,0.875774937,A
576,1.072821906,0.910104504,A
577,1.76627889,3.66449598,C
578,3.823489815,0.720337245,B
579,1.919794083,2.863864928,C
580,3.579346112,1.042273357,B
581,3.935390943,1.023914581,B
582,1.044937935,2.880662772,C
583,2.465746875,0.898577943,B
584,1.134563592,1.574583257,A
585,2.891051827,0.679883407,B
586,2.053935004,2.667377401,C
587,1.570329489,3.369481685,C
588,0.978014958,1.340597629,A
589,1.98798559,3.002147361,C
590,2.344326126,2.557631472,C
591,2.940396951,3.245534309,C
592,0.3734894,1.570150812,A
593,1.00940697,0.982356253,A
594,1.206284495,2.957776496,C
595,1.140017476,1.010019379,NA
596,2.01961416,3.84413541,C
597,0.952133838,0.952630557,A
598,2.459553929,2.429194358,C
599,2.504414042,2.997066652,C
600,0.995918341,0.995990687,A
601,0.225059332,1.479428215,A
602,3.066821738,1.808847311,B
603,1.71129769,1.569014065,A
604,3.197918026,1.708653133,B
605,0.704011873,0.847944482,A
606,3.455641472,0.508499707,B
607,2.060876804,2.963529052,C
608,1.361819041,2.299102768,C
609,1.892972951,1.236343762,A
610,1.878078125,0.589111528,A
611,2.4230635,3.263194024,C
612,1.925273666,2.891654582,C
613,1.463279696,0.858741072,A
614,3.264261411,1.526260482,B
615,1.279547461,1.356638893,A
616,1.140397955,0.338909746,A
617,0.959648563,1.183178195,A
618,2.840337472,0.932860827,B
619,1.213856668,1.05752566,A
620,1.009212896,1.095322595,A
621,1.049764112,0.323168273,A
622,3.956190696,0.733122427,B
623,0.957784397,1.214973884,A
624,3.055956903,1.19707034,B
625,0.815624027,1.006513405,A
626,1.922213078,3.16676205,C
627,2.871797225,0.840669571,B
628,2.077455734,1.120290743,B
629,2.758861879,0.793168237,B
630,2.364509167,3.563482393,C
631,0.854051233,1.554127513,A
632,3.55131353,0.741253894,B
633,2.304248715,0.396477945,B
634,3.087303537,1.064669249,B
635,1.189745209,1.236782448,A
636,3.460306037,0.970841005,B
637,0.761221796,0.947904483,A
638,2.914620475,0.44166434,B
639,2.988462675,0.996157623,B
640,2.539848493,2.258895339,C
641,3.379651616,1.208601351,B
642,1.382887525,2.967639159,NA
643,2.698603533,3.396193734,C
644,2.701643578,2.541160976,C
645,2.428446714,3.713287849,C
646,2.323187733,0.851267022,B
647,1.471317577,1.6091919,A
648,2.138055906,2.879147495,C
649,0.352890859,0.531834243,A
650,3.709895345,0.929474943,B
651,0.20667713,1.000643256,A
652,0.16294821,1.371676313,A
653,1.044628174,0.383211771,A
654,1.094551561,1.006729505,A
655,1.477733841,3.524170067,C
656,2.118417631,2.579011943,C
657,1.900696047,3.12121194,C
658,3.570661269,0.866800467,B
659,1.725834922,2.78131987,C
660,1.734353227,3.114870614,C
661,0.888412663,1.10984398,A
662,0.786639434,1.776283321,A
663,1.670726072,2.317307271,C
664,0.821721804,1.940661748,A
665,2.847660274,1.396642245,B
666,3.070373054,0.724356622,B
667,3.031784987,0.770031145,B
668,0.412605663,0.532566556,A
669,3.275562269,0.101626637,B
670,2.954351684,0.918004255,B
671,2.045457726,3.034551065,C
672,2.215917754,3.421145292,C
673,2.951766607,1.025224653,B
674,1.131738885,0.693116575,A
675,0.737104068,1.921466864,A
676,1.048248668,0.897520158,A
677,0.244259495,0.945872931,A
678,1.17657925,1.510431239,A
679,2.664164289,1.808808565,B
680,3.582658453,0.683829448,B
681,2.013764834,2.463478804,C
682,3.21901324,1.952261022,B
683,1.849931352,0.936230295,A
684,2.490707288,3.399694563,C
685,2.101413584,3.361432832,C
686,1.473314017,0.573082335,A
687,2.632423685,2.6944899,C
688,1.409386157,3.360324713,C
689,2.543344824,1.372626138,B
690,2.359498752,2.978322545,C
691,1.126229923,1.792411613,A
692,1.974116406,2.473152203,C
693,1.430683077,2.709225785,C
694,3.805227931,1.583035589,B
695,3.321562661,0.972922629,B
696,2.446501237,3.686986353,C
697,1.250546295,0.765071067,A
698,2.368663401,0.623450379,B
699,1.054783949,1.749754319,A
700,1.996182206,2.987665993,C
701,3.015381232,0.133788095,B
702,2.062833777,3.156833786,C
703,0.896866019,1.413684601,A
704,2.240277886,3.050455277,C
705,1.958650571,3.039602564,C
706,3.207143771,0.549237165,B
707,1.701683542,0.697616183,A
708,2.096970763,2.71985529,C
709,3.030331876,1.230150704,B
710,3.161802952,0.280669739,B
711,2.070726131,3.241585427,C
712,2.186383359,3.178252058,C
713,3.122524241,0.249796667,B
714,3.471732967,0.946938214,B
715,2.663351747,3.10801902,C
716,2.167773023,1.29035656,NA
717,1.12282009,1.017671667,A
718,2.072178736,2.895977106,C
719,3.613034961,0.319304185,B
720,0.721657662,1.780888992,A
721,3.511277594,0.555726228,B
722,3.201408296,0.651382574,B
723,1.879651462,2.912977928,C
724,2.65199098,2.985480548,C
725,2.830265953,0.896271872,B
726,2.933551283,1.005453371,B
727,2.222566459,0.395758283,B
728,2.865202708,1.20232714,B
729,0.907047323,0.944279167,A
730,3.358021392,1.384549544,B
731,2.042006046,3.405725123,C
732,1.636071966,3.560442706,C
733,2.979206379,0.938443198,B
734,2.392138791,0.626287099,B
735,0.9004945,1.370905035,A
736,2.199526701,3.91130674,C
737,0.820014756,0.910797817,A
738,1.056703582,0.923365893,A
739,3.529713238,0.261041477,B
740,0.662058833,0.116184716,A
741,1.725024369,1.665670264,A
742,3.59369984,0.785646802,B
743,2.146751911,3.180747147,C
744,2.00154714,3.4760261,C
745,3.307379614,1.805702945,B
746,2.937979797,1.138809378,B
747,1.56063656,2.814892838,C
748,1.648969171,2.581573902,C
749,1.508895277,2.870206704,C
750,0.93102566,1.976596087,A
751,2.586211115,0.517307678,B
752,1.144593188,0.360792667,A
753,2.582877767,1.574366593,B
754,3.283778083,1.435793538,B
755,1.218126364,3.049088513,C
756,1.994550551,3.028503688,C
757,3.115095155,1.022590623,B
758,2.398846397,0.651692763,B
759,1.789090186,3.454478302,C
760,2.471273037,2.502146644,C
761,2.567324556,1.708324089,B
762,1.455817711,1.19516704,A
763,1.517958679,2.77763629,C
764,1.001786113,0.366335541,A
765,1.112912276,3.103318293,C
766,1.459730201,1.038552256,A
767,0.116891994,0.90634897,A
768,2.709063579,1.054857273,B
769,2.032105637,3.413386865,C
770,0.868435262,1.556736511,A
771,3.191780695,0.128580386,B
772,1.301914755,0.87218796,A
773,0.815667933,0.628745325,A
774,2.326570744,3.229118329,C
775,2.064329837,3.031358556,C
776,0.755536759,0.850141885,A
777,1.962636061,2.854715501,C
778,1.733314179,2.630909526,C
779,2.229494453,2.325990635,C
780,2.968938819,1.344836869,B
781,0.867104669,0.654139445,A
782,0.846625961,0.750180335,A
783,3.646638873,0.385073347,B
784,2.934209025,1.327008088,B
785,0.035517618,0.873165488,A
786,0.951400185,0.984788596,A
787,3.041139512,0.889825817,B
788,2.544352005,1.265452358,B
789,3.152094774,1.222860775,B
790,1.910470674,0.798588469,A
791,1.061773175,3.284354658,C
792,2.00098465,3.000742675,C
793,0.329176918,1.071414177,A
794,2.084282953,3.085225141,C
795,3.102494093,0.350856899,B
796,1.739196909,3.539592451,C
797,2.749521709,3.364469576,C
798,2.542235412,0.8862186,B
799,1.350568501,1.232658912,A
800,2.269120264,1.171262585,B
801,0.906107537,1.035151723,A
802,2.301778028,2.133698413,C
803,2.926652841,0.911265265,B
804,2.910094073,2.838718679,C
805,0.82808232,0.492428621,A
806,2.311762978,2.835742137,C
807,1.095496349,3.010935505,C
808,3.848582557,1.138754809,B
809,1.774914195,3.282621134,C
810,2.684575594,2.58867529,C
811,1.893844028,2.976112695,C
812,1.08263728,1.264964558,A
813,2.1376504,1.341042373,NA
814,1.287444489,1.259320708,A
815,2.995786366,0.954104906,B
816,1.859088919,3.972464476,C
817,1.555517944,3.14575294,C
818,1.406213065,0.44718433,A
819,2.919267489,1.079622064,B
820,2.26855849,0.365986498,B
821,1.053028044,0.979812875,A
822,2.198086962,2.051994455,C
823,2.015651145,3.07873271,C
824,1.422238953,0.874072994,A
825,0.368632539,1.111041039,A
826,2.641043453,2.335141476,C
827,1.337024544,3.651519016,C
828,2.043221751,3.001593408,C
829,2.269222411,3.235378024,C
830,2.107346106,2.972601456,C
831,3.434075887,0.395085316,B
832,3.420097455,0.965489421,B
833,0.619391678,1.207471447,A
834,1.422480511,0.376475364,A
835,2.005740289,2.991653361,C
836,2.854816106,1.035840493,NA
837,0.174651292,0.545859703,A
838,2.663054657,0.928113799,B
839,3.55211973,0.95668962,B
840,1.347108425,1.618441676,A
841,3.332733532,0.413697381,B
842,0.712184415,1.024811958,A
843,2.319034313,1.167093332,B
844,2.130240635,3.266671131,C
845,2.13072288,3.432510203,C
846,2.04628144,3.043298682,C
847,2.161597511,2.084505159,C
848,0.924627026,1.542061094,A
849,1.044944936,2.989988748,C
850,3.470435048,1.241228548,B
851,3.192298927,1.070214085,B
852,3.090885375,1.014862308,B
853,0.826100861,0.237220192,A
854,0.937526275,0.561191576,A
855,0.441740978,0.981536679,A
856,1.969174846,2.072308498,C
857,2.630059847,1.914731239,NA
858,2.719712424,0.983753353,B
859,2.004609622,3.866826154,C
860,1.970081434,2.882447682,C
861,2.590672115,1.281159032,B
862,0.657447605,0.96162803,A
863,3.696799078,1.190116647,B
864,2.258755189,2.571359436,C
865,1.31534389,3.215207938,C
866,1.014207425,2.862365428,C
867,1.829395935,2.92153617,C
868,1.069228307,0.827561047,A
869,1.55256544,3.359964208,C
870,1.986338463,2.937568555,C
871,0.069197754,0.91906727,A
872,1.701050924,3.032734102,C
873,2.38825853,3.625022575,C
874,1.276166385,1.044170474,A
875,1.807203102,2.398308795,C
876,1.948502979,2.208895915,C
877,3.50710547,0.411333751,B
878,2.146315685,3.243808865,C
879,0.764905309,1.080739343,A
880,3.541399656,1.276099907,B
881,2.50310647,2.612723239,C
882,3.079037982,0.660119027,B
883,1.008257943,0.93130748,A
884,1.025388909,0.926978267,A
885,3.806693584,1.517129556,B
886,1.005681136,1.040715574,A
887,0.160556346,1.392467735,A
888,0.946410735,0.959608404,A
889,1.870442976,0.972229066,A
890,0.739980293,0.990935515,A
891,1.609210773,1.565981137,A
892,2.33507908,2.446303677,C
893,2.192446277,2.963370187,C
894,1.039072256,0.955986155,A
895,1.055207943,2.775760492,C
896,0.653214555,0.74047614,A
897,2.218608408,3.160595015,C
898,2.695588456,0.793171564,B
899,1.07974361,1.332677601,A
900,1.994484068,2.996615109,C
901,1.920536474,3.150454696,C
902,3.420114507,1.558367451,B
903,2.297948575,2.650981187,C
904,2.076750881,2.828071903,C
905,3.567422462,1.219424042,B
906,2.965420872,0.96342316,B
907,1.585577688,2.702675484,C
908,2.252236557,3.079759444,C
909,1.058947577,0.666969302,A
910,1.88387898,2.850909552,C
911,1.001685237,0.798776094,A
912,1.966456525,2.945529301,C
913,1.034705538,0.133643684,A
914,0.90732538,0.930453362,A
915,2.573979113,1.633015506,B
916,1.913771596,3.045779665,C
917,0.951049967,0.981346348,A
918,3.040840137,1.547293485,B
919,1.01266098,1.214733346,A
920,2.984796553,0.327092253,B
921,0.950762685,0.131472811,A
922,3.631695248,1.119602133,B
923,3.797583778,0.695235284,B
924,2.927176548,1.26627039,NA
925,2.998196754,0.628050956,B
926,1.728673517,3.198602772,C
927,0.978263985,1.028969815,A
928,1.744110054,2.485542309,C
929,3.146642673,0.345579252,B
930,1.040125741,0.978876592,A
931,3.095011174,1.096464397,B
932,1.044892873,0.485636629,A
933,2.923196642,1.525768642,B
934,1.890478272,3.33142512,C
935,1.019513237,1.43393225,A
936,3.083749564,1.687658629,B
937,1.592265219,1.562743455,A
938,1.164809106,1.755879477,A
939,2.235079031,0.968708013,B
940,1.796329047,2.684894022,C
941,3.220904748,0.576505063,B
942,0.746350448,0.163767834,A
943,0.851396498,0.912339607,A
944,2.945855933,2.856731166,C
945,1.316245573,0.225158898,A
946,2.93257894,3.150022162,C
947,3.436848373,1.837183497,B
948,2.434799013,0.489209104,B
949,2.554418352,1.12938273,B
950,2.082512693,2.830414799,C
951,3.270941999,1.252388356,B
952,0.949562626,1.012235057,A
953,2.987992893,0.793723046,B
954,1.947474163,3.044597557,C
955,3.325994567,0.839868438,B
956,3.126840346,1.106492581,B
957,0.775699427,0.797717701,A
958,2.102558709,3.093607314,C
959,1.963599984,2.980057455,C
960,1.692216075,0.397312369,A
961,0.629404098,1.203548845,A
962,2.20783639,3.768253273,C
963,3.566712797,1.697380289,B
964,2.903488812,1.680733149,B
965,2.351361754,3.46697084,C
966,1.033728263,0.588553788,A
967,3.028017062,0.970303687,B
968,2.082946247,2.359440721,C
969,2.473893374,3.235667167,C
970,2.172183268,2.72087492,C
971,1.063962781,1.149321411,A
972,3.097979029,1.138835869,B
973,2.671940499,1.935894411,B
974,2.684155162,1.238846969,B
975,3.913424809,1.037615673,B
976,1.304784742,1.931183981,A
977,1.055779855,1.506267872,A
978,2.56229293,3.442491523,C
979,0.920099112,1.470714369,A
980,3.664621068,1.263996227,B
981,1.628977756,1.396214961,A
982,1.823589675,1.438156813,A
983,2.724297424,3.119071203,C
984,1.231773509,3.069484079,C
985,2.046586142,2.758381326,C
986,2.797369125,0.05603739,B
987,1.905167317,3.333755215,C
988,2.193354218,2.63292541,NA
989,2.760319743,0.596494428,B
990,3.805181613,0.935770724,B
991,1.85487306,2.698517848,C
992,3.209414621,0.394342101,B
993,0.284524704,0.970570776,A
994,0.196314428,0.81174789,A
995,1.04539786,1.309299092,A
996,3.330908473,0.920992434,B
997,2.011721105,2.874660333,C
998,3.020386678,1.019157263,B
999,2.178778139,2.705674471,C
1000,2.912487477,0.528640762,B
1001,1.853266078,2.381487602,C
1002,3.157097267,1.111245669,B
1003,1.736877319,3.278089762,C
1004,1.927583393,2.4987618,C
1005,3.182464156,1.964927633,B
1006,0.962389751,1.619570857,A
1007,3.013578311,0.054965243,B
1008,1.9753131,2.988582719,C
1009,2.105961138,0.572210925,B
1010,2.053315609,3.643960091,C
1011,1.453039029,3.108299362,C
1012,2.504686264,2.545620882,C
1013,2.321486097,2.68295077,C
1014,1.000076924,0.953367664,A
1015,0.537441598,1.87034949,A
1016,0.79732856,1.290444863,A
1017,2.707183422,0.97258235,B
1018,2.455053225,1.831334022,B
1019,2.496622446,1.049580821,B
1020,1.244344596,3.317998202,C
1021,1.687099294,0.947238265,A
1022,3.013724543,0.956907707,B
1023,1.318997685,0.826955447,A
1024,2.880333201,2.796336836,NA
1025,2.976178145,0.991268924,B
1026,2.021423717,2.999307467,C
1027,0.999832658,1.000397721,A
1028,1.029135665,2.191159631,NA
1029,1.891366309,2.502772573,C
1030,2.582706979,2.479685686,C
1031,3.422680332,0.544257028,B
1032,2.160875746,1.516842775,B
1033,2.900789114,1.847403476,B
1034,0.902808303,0.909993526,A
1035,2.718462501,1.497088822,B
1036,1.774145118,1.59551103,A
1037,0.679212258,0.944659304,A
1038,2.129460775,2.890339115,C
1039,1.873008156,0.663002863,A
1040,2.931398587,1.296723118,B
1041,1.00216843,1.012840358,A
1042,3.002383185,0.928979855,B
1043,1.581454783,0.823777782,A
1044,1.729054999,2.895270054,C
1045,2.04439441,2.990066297,C
1046,1.232821141,3.156768106,C
1047,2.21551158,1.255424701,NA
1048,0.579353365,1.457583173,A
1049,3.098743227,0.636183199,B
1050,1.81429763,2.704036305,C
1051,1.556582955,1.213288073,A
1052,2.973088894,0.85743353,B
1053,0.319167009,1.594201747,A
1054,1.571545289,0.743331886,A
1055,0.621395344,1.302291697,A
1056,0.196175306,1.396430104,A
1057,1.906097529,2.3247865,C
1058,1.284624587,3.531844747,C
1059,3.210465548,0.255362273,B
1060,1.707785492,2.999542828,C
1061,3.088581241,0.822342005,B
1062,1.616925603,1.58979862,A
1063,2.713380234,2.911832595,C
1064,3.070413168,1.010886325,B
1065,2.983412457,0.554165123,B
1066,2.456849854,2.790669515,C
1067,0.83167189,0.291188001,A
1068,3.462625956,0.59045349,B
1069,1.024417312,2.642260443,NA
1070,3.301799316,0.60731739,B
1071,1.673231043,3.265426855,C
1072,3.884376601,0.615652436,B
1073,2.780955329,1.236678127,B
1074,0.989634654,1.094605134,A
1075,3.648556516,1.550414254,B
1076,2.542186402,0.97903867,B
1077,1.132808382,1.49864298,A
1078,1.085333563,0.142622898,A
1079,2.143174793,3.227430678,C
1080,2.572780465,3.366522937,C
1081,3.008766274,1.001136851,B
1082,2.486762714,3.631005325,C
1083,1.142669855,1.259986026,A
1084,2.721796631,0.601647336,B
1085,0.839426582,1.724254064,A
1086,2.016981327,2.980246683,C
1087,2.743578809,1.788319,B
1088,2.196632276,1.045710962,B
1089,1.768700161,3.237837451,C
1090,1.080158004,0.857083808,A
1091,1.268824284,1.731747317,A
1092,2.008044302,3.916344745,C
1093,2.232571748,3.844918261,C
1094,3.053601394,1.017375374,B
1095,3.278587116,1.304139551,B
1096,2.135848496,3.266742893,C
1097,2.005794578,2.831235854,C
1098,2.422605697,0.433179169,B
1099,0.953372056,1.384736196,A
1100,3.195401212,0.239332222,B
1101,2.883699732,0.806593271,B
1102,3.111487309,1.064582406,B
1103,1.642705873,3.428368701,C
1104,1.395477299,0.394683933,A
1105,1.850406812,0.91421234,A
1106,2.973687364,0.94885924,B
1107,1.003546058,0.552553114,A
1108,1.26165868,1.060356322,A
1109,0.875233192,0.985290463,A
1110,2.570590203,3.16914441,C
1111,2.781563525,2.66239741,C
1112,0.800948,0.371626294,A
1113,1.507890214,3.327260717,C
1114,3.320534719,1.168208849,B
1115,2.641869843,3.239219872,C
1116,2.991840686,0.996836895,B
1117,1.052124977,0.906415273,A
1118,2.275441242,2.637844643,C
1119,0.547861703,1.37724219,A
1120,2.874401695,3.096809466,C
1121,2.325727761,1.578557665,B
1122,2.63934307,3.305454354,C
1123,2.117296939,3.800339058,C
1124,2.291726718,3.886898062,C
1125,2.544870462,0.131148723,B
1126,2.01770261,3.954959205,C
1127,1.892371282,3.075935085,C
1128,2.414647186,1.250520936,B
1129,1.003070444,1.018754331,A
1130,2.015232657,3.687328118,C
1131,1.893629716,2.77316597,C
1132,0.974688657,0.999272452,A
1133,1.989746782,3.008154701,C
1134,2.833483703,0.713557466,B
1135,3.300234263,0.693888298,B
1136,1.204308849,1.41364329,A
1137,1.127625772,3.102012796,C
1138,0.813849297,1.787107928,A
1139,1.987528467,3.001118867,C
1140,1.823372443,2.334792894,C
1141,2.793913088,0.867744404,B
1142,2.815968798,1.385001529,B
1143,2.615738331,0.506983986,B
1144,1.338933055,0.656253435,A
1145,0.768577688,0.808061317,A
1146,1.394109169,1.554618075,A
1147,2.240044068,3.155081834,C
1148,2.699858568,0.515463109,B
1149,2.685240286,1.75512777,B
1150,0.808213665,1.254969786,A
1151,1.994775993,3.024839361,C
1152,1.099220072,1.089948996,A
1153,1.58308143,2.798528705,C
1154,2.31946412,0.390683376,B
1155,1.929534548,2.593015638,C
1156,2.662718562,0.373865274,B
1157,0.237481834,1.03226213,A
1158,3.025245907,1.728818658,B
1159,2.91226994,0.825803575,B
1160,1.038333608,0.952944217,A
1161,0.357884796,1.304130892,A
1162,2.179348776,3.343841819,C
1163,1.155073333,1.225607269,A
1164,2.824780744,1.321145833,B
1165,0.870422118,0.753092037,A
1166,2.726068213,0.827511318,B
1167,2.421196238,0.398538926,B
1168,2.981724015,1.100363531,B
1169,2.611269621,1.322529159,B
1170,2.873873861,0.842800813,B
1171,3.687107837,0.733345615,B
1172,1.037688355,1.010167875,A
1173,0.311852437,1.453911811,A
1174,2.650203614,3.509902624,C
1175,1.23534768,0.168910429,A
1176,2.968294353,0.570657918,B
1177,0.957055897,0.910015412,A
1178,0.605573812,0.638806156,A
1179,2.785010653,0.416222758,B
1180,2.936487923,3.053158729,C
1181,0.731867557,0.944570101,A
1182,1.933875971,2.908656147,C
1183,2.840685564,1.327304522,B
1184,1.731875627,2.157809211,C
1185,0.897983491,1.011924318,A
1186,2.56119273,1.103730822,B
1187,1.374996845,0.525118799,A
1188,1.61472126,1.27938581,A
1189,1.06676998,0.711371288,A
1190,1.093716705,1.838675233,A
1191,3.163103,1.715576779,B
1192,2.51145035,3.257685426,C
